Saint-Aubin Villepreux,Croix Vieille,Eglise de Saint-Aubin,Germignan,Lycée Sud Médoc,Euromédoc,Les Escarrets,Mairie de Saint-Médard,République,Montaigne,Bords de Jalles,Château de Gajac,Centre commercial de Saint-Médard,Parc d'activités Berlincan,Rue du Médoc,Mairie du Haillan,Collège Emile Zola,P+R Mermoz,Zone d'activités Saint-Exupéry,Germaine Tillion,La Forêt,Le Grand Louis,Caillou,Cage verte,Stade Stéhelin,Collège Saint-André,Caudéran centre,Grand Lebrun,Ecole Normale,Barrière de Saint-Médard,Croix Blanche,Lycée Camille Julian,Saint-Seurin,Gambetta-Mériadeck
05:32:00,05:34:04,05:35:14,05:37:34,05:39:21,05:43:31,05:44:43,05:47:22,05:48:16,05:49:36,05:51:35,05:53:02,05:55:02,05:56:10,05:58:06,05:59:58,06:02:01,06:02:46,06:04:51,06:06:15,06:07:58,06:09:14,06:11:08,06:12:30,06:14:31,06:16:12,06:17:21,06:18:54,06:20:40,06:21:42,06:23:38,06:25:28,06:27:49,06:29:01
,,,,,,,05:57:22,05:58:16,05:59:36,06:01:35,06:03:02,06:05:02,06:06:10,06:08:06,06:09:58,06:12:01,06:12:46,06:14:51,06:16:15,06:17:58,06:19:14,06:21:08,06:22:30,06:24:31,06:26:12,06:27:21,06:28:54,06:30:40,06:31:42,06:33:38,06:35:28,06:37:49,06:39:01
05:52:00,05:54:04,05:55:14,05:57:34,05:59:21,06:03:31,06:04:43,06:07:22,06:08:16,06:09:36,06:11:35,06:13:02,06:15:02,06:16:10,06:18:06,06:19:58,06:22:01,06:22:46,06:24:51,06:26:15,06:27:58,06:29:14,06:31:08,06:32:30,06:34:31,06:36:12,06:37:21,06:38:54,06:40:40,06:41:42,06:43:38,06:45:28,06:47:49,06:49:01
,,,,,,,06:17:22,06:18:16,06:19:36,06:21:35,06:23:02,06:25:02,06:26:10,06:28:06,06:29:58,06:32:01,06:32:46,06:34:51,06:36:15,06:37:58,06:39:14,06:41:08,06:42:30,06:44:31,06:46:12,06:47:21,06:48:54,06:50:40,06:51:42,06:53:38,06:55:28,06:57:49,06:59:01
06:12:00,06:14:04,06:15:14,06:17:34,06:19:21,06:23:31,06:24:43,06:27:22,06:28:16,06:29:36,06:31:35,06:33:02,06:35:02,06:36:10,06:38:06,06:39:58,06:42:01,06:42:46,06:44:51,06:46:15,06:47:58,06:49:14,06:51:08,06:52:30,06:54:31,06:56:12,06:57:21,06:58:54,07:00:40,07:01:42,07:03:38,07:05:28,07:07:49,07:09:01
,,,,,,,06:37:22,06:38:16,06:39:36,06:41:35,06:43:02,06:45:02,06:46:10,06:48:06,06:49:58,06:52:01,06:52:46,06:54:51,06:56:15,06:57:58,06:59:14,07:01:08,07:02:30,07:04:31,07:06:12,07:07:21,07:08:54,07:10:40,07:11:42,07:13:38,07:15:28,07:17:49,07:19:01
06:32:00,06:34:04,06:35:14,06:37:34,06:39:21,06:43:31,06:44:43,06:47:22,06:48:16,06:49:36,06:51:35,06:53:02,06:55:02,06:56:10,06:58:06,06:59:58,07:02:01,07:02:46,07:04:51,07:06:15,07:07:58,07:09:14,07:11:08,07:12:30,07:14:31,07:16:12,07:17:21,07:18:54,07:20:40,07:21:42,07:23:38,07:25:28,07:27:49,07:29:01
06:42:00,06:44:04,06:45:14,06:47:34,06:49:21,06:53:31,06:54:43,06:57:22,06:58:16,06:59:36,07:01:35,07:03:02,07:05:02,07:06:10,07:08:06,07:09:58,07:12:01,07:12:46,07:14:51,07:16:15,07:17:58,07:19:14,07:21:08,07:22:30,07:24:31,07:26:12,07:27:21,07:28:54,07:30:40,07:31:42,07:33:38,07:35:28,07:37:49,07:39:01
,,,,,,,07:02:22,07:03:16,07:04:36,07:06:35,07:08:02,07:10:02,07:11:10,07:13:06,07:14:58,07:17:01,07:17:46,07:19:51,07:21:15,07:22:58,07:24:14,07:26:08,07:27:30,07:29:31,07:31:12,07:32:21,07:33:54,07:35:40,07:36:42,07:38:38,07:40:28,07:42:49,07:44:01
06:52:00,06:54:04,06:55:14,06:57:34,06:59:21,07:03:31,07:04:43,07:07:22,07:08:16,07:09:36,07:11:35,07:13:02,07:15:02,07:16:10,07:18:06,07:19:58,07:22:01,07:22:46,07:24:51,07:26:15,07:27:58,07:29:14,07:31:08,07:32:30,07:34:31,07:36:12,07:37:21,07:38:54,07:40:40,07:41:42,07:43:38,07:45:28,07:47:49,07:49:01
,,,,,,,07:12:22,07:13:16,07:14:36,07:16:35,07:18:02,07:20:02,07:21:10,07:23:06,07:24:58,07:27:01,07:27:46,07:29:51,07:31:15,07:32:58,07:34:14,07:36:08,07:37:30,07:39:31,07:41:12,07:42:21,07:43:54,07:45:40,07:46:42,07:48:38,07:50:28,07:52:49,07:54:01
07:02:00,07:04:04,07:05:14,07:07:34,07:09:21,07:13:31,07:14:43,07:17:22,07:18:16,07:19:36,07:21:35,07:23:02,07:25:02,07:26:10,07:28:06,07:29:58,07:32:01,07:32:46,07:34:51,07:36:15,07:37:58,07:39:14,07:41:08,07:42:30,07:44:31,07:46:12,07:47:21,07:48:54,07:50:40,07:51:42,07:53:38,07:55:28,07:57:49,07:59:01
,,,,,,,07:22:22,07:23:16,07:24:36,07:26:35,07:28:02,07:30:02,07:31:10,07:33:06,07:34:58,07:37:01,07:37:46,07:39:51,07:41:15,07:42:58,07:44:14,07:46:08,07:47:30,07:49:31,07:51:12,07:52:21,07:53:54,07:55:40,07:56:42,07:58:38,08:00:28,08:02:49,08:04:01
07:12:00,07:14:04,07:15:14,07:17:34,07:19:21,07:23:31,07:24:43,07:27:22,07:28:16,07:29:36,07:31:35,07:33:02,07:35:02,07:36:10,07:38:06,07:39:58,07:42:01,07:42:46,07:44:51,07:46:15,07:47:58,07:49:14,07:51:08,07:52:30,07:54:31,07:56:12,07:57:21,07:58:54,08:00:40,08:01:42,08:03:38,08:05:28,08:07:49,08:09:01
,,,,,,,07:32:22,07:33:16,07:34:36,07:36:35,07:38:02,07:40:02,07:41:10,07:43:06,07:44:58,07:47:01,07:47:46,07:49:51,07:51:15,07:52:58,07:54:14,07:56:08,07:57:30,07:59:31,08:01:12,08:02:21,08:03:54,08:05:40,08:06:42,08:08:38,08:10:28,08:12:49,08:14:01
07:22:00,07:24:04,07:25:14,07:27:34,07:29:21,07:33:31,07:34:43,07:37:22,07:38:16,07:39:36,07:41:35,07:43:02,07:45:02,07:46:10,07:48:06,07:49:58,07:52:01,07:52:46,07:54:51,07:56:15,07:57:58,07:59:14,08:01:08,08:02:30,08:04:31,08:06:12,08:07:21,08:08:54,08:10:40,08:11:42,08:13:38,08:15:28,08:17:49,08:19:01
,,,,,,,07:42:22,07:43:16,07:44:36,07:46:35,07:48:02,07:50:02,07:51:10,07:53:06,07:54:58,07:57:01,07:57:46,07:59:51,08:01:15,08:02:58,08:04:14,08:06:08,08:07:30,08:09:31,08:11:12,08:12:21,08:13:54,08:15:40,08:16:42,08:18:38,08:20:28,08:22:49,08:24:01
07:32:00,07:34:04,07:35:14,07:37:34,07:39:21,07:43:31,07:44:43,07:47:22,07:48:16,07:49:36,07:51:35,07:53:02,07:55:02,07:56:10,07:58:06,07:59:58,08:02:01,08:02:46,08:04:51,08:06:15,08:07:58,08:09:14,08:11:08,08:12:30,08:14:31,08:16:12,08:17:21,08:18:54,08:20:40,08:21:42,08:23:38,08:25:28,08:27:49,08:29:01
,,,,,,,07:52:22,07:53:16,07:54:36,07:56:35,07:58:02,08:00:02,08:01:10,08:03:06,08:04:58,08:07:01,08:07:46,08:09:51,08:11:15,08:12:58,08:14:14,08:16:08,08:17:30,08:19:31,08:21:12,08:22:21,08:23:54,08:25:40,08:26:42,08:28:38,08:30:28,08:32:49,08:34:01
07:42:00,07:44:04,07:45:14,07:47:34,07:49:21,07:53:31,07:54:43,07:57:22,07:58:16,07:59:36,08:01:35,08:03:02,08:05:02,08:06:10,08:08:06,08:09:58,08:12:01,08:12:46,08:14:51,08:16:15,08:17:58,08:19:14,08:21:08,08:22:30,08:24:31,08:26:12,08:27:21,08:28:54,08:30:40,08:31:42,08:33:38,08:35:28,08:37:49,08:39:01
,,,,,,,08:02:22,08:03:16,08:04:36,08:06:35,08:08:02,08:10:02,08:11:10,08:13:06,08:14:58,08:17:01,08:17:46,08:19:51,08:21:15,08:22:58,08:24:14,08:26:08,08:27:30,08:29:31,08:31:12,08:32:21,08:33:54,08:35:40,08:36:42,08:38:38,08:40:28,08:42:49,08:44:01
07:52:00,07:54:04,07:55:14,07:57:34,07:59:21,08:03:31,08:04:43,08:07:22,08:08:16,08:09:36,08:11:35,08:13:02,08:15:02,08:16:10,08:18:06,08:19:58,08:22:01,08:22:46,08:24:51,08:26:15,08:27:58,08:29:14,08:31:08,08:32:30,08:34:31,08:36:12,08:37:21,08:38:54,08:40:40,08:41:42,08:43:38,08:45:28,08:47:49,08:49:01
,,,,,,,08:12:22,08:13:16,08:14:36,08:16:35,08:18:02,08:20:02,08:21:10,08:23:06,08:24:58,08:27:01,08:27:46,08:29:51,08:31:15,08:32:58,08:34:14,08:36:08,08:37:30,08:39:31,08:41:12,08:42:21,08:43:54,08:45:40,08:46:42,08:48:38,08:50:28,08:52:49,08:54:01
08:02:00,08:04:04,08:05:14,08:07:34,08:09:21,08:13:31,08:14:43,08:17:22,08:18:16,08:19:36,08:21:35,08:23:02,08:25:02,08:26:10,08:28:06,08:29:58,08:32:01,08:32:46,08:34:51,08:36:15,08:37:58,08:39:14,08:41:08,08:42:30,08:44:31,08:46:12,08:47:21,08:48:54,08:50:40,08:51:42,08:53:38,08:55:28,08:57:49,08:59:01
,,,,,,,08:22:22,08:23:16,08:24:36,08:26:35,08:28:02,08:30:02,08:31:10,08:33:06,08:34:58,08:37:01,08:37:46,08:39:51,08:41:15,08:42:58,08:44:14,08:46:08,08:47:30,08:49:31,08:51:12,08:52:21,08:53:54,08:55:40,08:56:42,08:58:38,09:00:28,09:02:49,09:04:01
08:12:00,08:14:04,08:15:14,08:17:34,08:19:21,08:23:31,08:24:43,08:27:22,08:28:16,08:29:36,08:31:35,08:33:02,08:35:02,08:36:10,08:38:06,08:39:58,08:42:01,08:42:46,08:44:51,08:46:15,08:47:58,08:49:14,08:51:08,08:52:30,08:54:31,08:56:12,08:57:21,08:58:54,09:00:40,09:01:42,09:03:38,09:05:28,09:07:49,09:09:01
,,,,,,,08:32:22,08:33:16,08:34:36,08:36:35,08:38:02,08:40:02,08:41:10,08:43:06,08:44:58,08:47:01,08:47:46,08:49:51,08:51:15,08:52:58,08:54:14,08:56:08,08:57:30,08:59:31,09:01:12,09:02:21,09:03:54,09:05:40,09:06:42,09:08:38,09:10:28,09:12:49,09:14:01
08:22:00,08:24:04,08:25:14,08:27:34,08:29:21,08:33:31,08:34:43,08:37:22,08:38:16,08:39:36,08:41:35,08:43:02,08:45:02,08:46:10,08:48:06,08:49:58,08:52:01,08:52:46,08:54:51,08:56:15,08:57:58,08:59:14,09:01:08,09:02:30,09:04:31,09:06:12,09:07:21,09:08:54,09:10:40,09:11:42,09:13:38,09:15:28,09:17:49,09:19:01
08:32:00,08:34:04,08:35:14,08:37:34,08:39:21,08:43:31,08:44:43,08:47:22,08:48:16,08:49:36,08:51:35,08:53:02,08:55:02,08:56:10,08:58:06,08:59:58,09:02:01,09:02:46,09:04:51,09:06:15,09:07:58,09:09:14,09:11:08,09:12:30,09:14:31,09:16:12,09:17:21,09:18:54,09:20:40,09:21:42,09:23:38,09:25:28,09:27:49,09:29:01
08:42:00,08:44:04,08:45:14,08:47:34,08:49:21,08:53:31,08:54:43,08:57:22,08:58:16,08:59:36,09:01:35,09:03:02,09:05:02,09:06:10,09:08:06,09:09:58,09:12:01,09:12:46,09:14:51,09:16:15,09:17:58,09:19:14,09:21:08,09:22:30,09:24:31,09:26:12,09:27:21,09:28:54,09:30:40,09:31:42,09:33:38,09:35:28,09:37:49,09:39:01
08:52:00,08:54:04,08:55:14,08:57:34,08:59:21,09:03:31,09:04:43,09:07:22,09:08:16,09:09:36,09:11:35,09:13:02,09:15:02,09:16:10,09:18:06,09:19:58,09:22:01,09:22:46,09:24:51,09:26:15,09:27:58,09:29:14,09:31:08,09:32:30,09:34:31,09:36:12,09:37:21,09:38:54,09:40:40,09:41:42,09:43:38,09:45:28,09:47:49,09:49:01
09:02:00,09:04:04,09:05:14,09:07:34,09:09:21,09:13:31,09:14:43,09:17:22,09:18:16,09:19:36,09:21:35,09:23:02,09:25:02,09:26:10,09:28:06,09:29:58,09:32:01,09:32:46,09:34:51,09:36:15,09:37:58,09:39:14,09:41:08,09:42:30,09:44:31,09:46:12,09:47:21,09:48:54,09:50:40,09:51:42,09:53:38,09:55:28,09:57:49,09:59:01
09:12:00,09:14:04,09:15:14,09:17:34,09:19:21,09:23:31,09:24:43,09:27:22,09:28:16,09:29:36,09:31:35,09:33:02,09:35:02,09:36:10,09:38:06,09:39:58,09:42:01,09:42:46,09:44:51,09:46:15,09:47:58,09:49:14,09:51:08,09:52:30,09:54:31,09:56:12,09:57:21,09:58:54,10:00:40,10:01:42,10:03:38,10:05:28,10:07:49,10:09:01
09:22:00,09:24:04,09:25:14,09:27:34,09:29:21,09:33:31,09:34:43,09:37:22,09:38:16,09:39:36,09:41:35,09:43:02,09:45:02,09:46:10,09:48:06,09:49:58,09:52:01,09:52:46,09:54:51,09:56:15,09:57:58,09:59:14,10:01:08,10:02:30,10:04:31,10:06:12,10:07:21,10:08:54,10:10:40,10:11:42,10:13:38,10:15:28,10:17:49,10:19:01
09:32:00,09:34:04,09:35:14,09:37:34,09:39:21,09:43:31,09:44:43,09:47:22,09:48:16,09:49:36,09:51:35,09:53:02,09:55:02,09:56:10,09:58:06,09:59:58,10:02:01,10:02:46,10:04:51,10:06:15,10:07:58,10:09:14,10:11:08,10:12:30,10:14:31,10:16:12,10:17:21,10:18:54,10:20:40,10:21:42,10:23:38,10:25:28,10:27:49,10:29:01
09:42:00,09:44:04,09:45:14,09:47:34,09:49:21,09:53:31,09:54:43,09:57:22,09:58:16,09:59:36,10:01:35,10:03:02,10:05:02,10:06:10,10:08:06,10:09:58,10:12:01,10:12:46,10:14:51,10:16:15,10:17:58,10:19:14,10:21:08,10:22:30,10:24:31,10:26:12,10:27:21,10:28:54,10:30:40,10:31:42,10:33:38,10:35:28,10:37:49,10:39:01
09:52:00,09:54:04,09:55:14,09:57:34,09:59:21,10:03:31,10:04:43,10:07:22,10:08:16,10:09:36,10:11:35,10:13:02,10:15:02,10:16:10,10:18:06,10:19:58,10:22:01,10:22:46,10:24:51,10:26:15,10:27:58,10:29:14,10:31:08,10:32:30,10:34:31,10:36:12,10:37:21,10:38:54,10:40:40,10:41:42,10:43:38,10:45:28,10:47:49,10:49:01
10:02:00,10:04:04,10:05:14,10:07:34,10:09:21,10:13:31,10:14:43,10:17:22,10:18:16,10:19:36,10:21:35,10:23:02,10:25:02,10:26:10,10:28:06,10:29:58,10:32:01,10:32:46,10:34:51,10:36:15,10:37:58,10:39:14,10:41:08,10:42:30,10:44:31,10:46:12,10:47:21,10:48:54,10:50:40,10:51:42,10:53:38,10:55:28,10:57:49,10:59:01
10:12:00,10:14:04,10:15:14,10:17:34,10:19:21,10:23:31,10:24:43,10:27:22,10:28:16,10:29:36,10:31:35,10:33:02,10:35:02,10:36:10,10:38:06,10:39:58,10:42:01,10:42:46,10:44:51,10:46:15,10:47:58,10:49:14,10:51:08,10:52:30,10:54:31,10:56:12,10:57:21,10:58:54,11:00:40,11:01:42,11:03:38,11:05:28,11:07:49,11:09:01
10:22:00,10:24:04,10:25:14,10:27:34,10:29:21,10:33:31,10:34:43,10:37:22,10:38:16,10:39:36,10:41:35,10:43:02,10:45:02,10:46:10,10:48:06,10:49:58,10:52:01,10:52:46,10:54:51,10:56:15,10:57:58,10:59:14,11:01:08,11:02:30,11:04:31,11:06:12,11:07:21,11:08:54,11:10:40,11:11:42,11:13:38,11:15:28,11:17:49,11:19:01
10:32:00,10:34:04,10:35:14,10:37:34,10:39:21,10:43:31,10:44:43,10:47:22,10:48:16,10:49:36,10:51:35,10:53:02,10:55:02,10:56:10,10:58:06,10:59:58,11:02:01,11:02:46,11:04:51,11:06:15,11:07:58,11:09:14,11:11:08,11:12:30,11:14:31,11:16:12,11:17:21,11:18:54,11:20:40,11:21:42,11:23:38,11:25:28,11:27:49,11:29:01
10:42:00,10:44:04,10:45:14,10:47:34,10:49:21,10:53:31,10:54:43,10:57:22,10:58:16,10:59:36,11:01:35,11:03:02,11:05:02,11:06:10,11:08:06,11:09:58,11:12:01,11:12:46,11:14:51,11:16:15,11:17:58,11:19:14,11:21:08,11:22:30,11:24:31,11:26:12,11:27:21,11:28:54,11:30:40,11:31:42,11:33:38,11:35:28,11:37:49,11:39:01
10:52:00,10:54:04,10:55:14,10:57:34,10:59:21,11:03:31,11:04:43,11:07:22,11:08:16,11:09:36,11:11:35,11:13:02,11:15:02,11:16:10,11:18:06,11:19:58,11:22:01,11:22:46,11:24:51,11:26:15,11:27:58,11:29:14,11:31:08,11:32:30,11:34:31,11:36:12,11:37:21,11:38:54,11:40:40,11:41:42,11:43:38,11:45:28,11:47:49,11:49:01
11:02:00,11:04:04,11:05:14,11:07:34,11:09:21,11:13:31,11:14:43,11:17:22,11:18:16,11:19:36,11:21:35,11:23:02,11:25:02,11:26:10,11:28:06,11:29:58,11:32:01,11:32:46,11:34:51,11:36:15,11:37:58,11:39:14,11:41:08,11:42:30,11:44:31,11:46:12,11:47:21,11:48:54,11:50:40,11:51:42,11:53:38,11:55:28,11:57:49,11:59:01
11:12:00,11:14:04,11:15:14,11:17:34,11:19:21,11:23:31,11:24:43,11:27:22,11:28:16,11:29:36,11:31:35,11:33:02,11:35:02,11:36:10,11:38:06,11:39:58,11:42:01,11:42:46,11:44:51,11:46:15,11:47:58,11:49:14,11:51:08,11:52:30,11:54:31,11:56:12,11:57:21,11:58:54,12:00:40,12:01:42,12:03:38,12:05:28,12:07:49,12:09:01
,,,,,,,11:32:22,11:33:16,11:34:36,11:36:35,11:38:02,11:40:02,11:41:10,11:43:06,11:44:58,11:47:01,11:47:46,11:49:51,11:51:15,11:52:58,11:54:14,11:56:08,11:57:30,11:59:31,12:01:12,12:02:21,12:03:54,12:05:40,12:06:42,12:08:38,12:10:28,12:12:49,12:14:01
11:22:00,11:24:04,11:25:14,11:27:34,11:29:21,11:33:31,11:34:43,11:37:22,11:38:16,11:39:36,11:41:35,11:43:02,11:45:02,11:46:10,11:48:06,11:49:58,11:52:01,11:52:46,11:54:51,11:56:15,11:57:58,11:59:14,12:01:08,12:02:30,12:04:31,12:06:12,12:07:21,12:08:54,12:10:40,12:11:42,12:13:38,12:15:28,12:17:49,12:19:01
,,,,,,,11:42:22,11:43:16,11:44:36,11:46:35,11:48:02,11:50:02,11:51:10,11:53:06,11:54:58,11:57:01,11:57:46,11:59:51,12:01:15,12:02:58,12:04:14,12:06:08,12:07:30,12:09:31,12:11:12,12:12:21,12:13:54,12:15:40,12:16:42,12:18:38,12:20:28,12:22:49,12:24:01
11:32:00,11:34:04,11:35:14,11:37:34,11:39:21,11:43:31,11:44:43,11:47:22,11:48:16,11:49:36,11:51:35,11:53:02,11:55:02,11:56:10,11:58:06,11:59:58,12:02:01,12:02:46,12:04:51,12:06:15,12:07:58,12:09:14,12:11:08,12:12:30,12:14:31,12:16:12,12:17:21,12:18:54,12:20:40,12:21:42,12:23:38,12:25:28,12:27:49,12:29:01
,,,,,,,11:52:22,11:53:16,11:54:36,11:56:35,11:58:02,12:00:02,12:01:10,12:03:06,12:04:58,12:07:01,12:07:46,12:09:51,12:11:15,12:12:58,12:14:14,12:16:08,12:17:30,12:19:31,12:21:12,12:22:21,12:23:54,12:25:40,12:26:42,12:28:38,12:30:28,12:32:49,12:34:01
11:42:00,11:44:04,11:45:14,11:47:34,11:49:21,11:53:31,11:54:43,11:57:22,11:58:16,11:59:36,12:01:35,12:03:02,12:05:02,12:06:10,12:08:06,12:09:58,12:12:01,12:12:46,12:14:51,12:16:15,12:17:58,12:19:14,12:21:08,12:22:30,12:24:31,12:26:12,12:27:21,12:28:54,12:30:40,12:31:42,12:33:38,12:35:28,12:37:49,12:39:01
,,,,,,,12:02:22,12:03:16,12:04:36,12:06:35,12:08:02,12:10:02,12:11:10,12:13:06,12:14:58,12:17:01,12:17:46,12:19:51,12:21:15,12:22:58,12:24:14,12:26:08,12:27:30,12:29:31,12:31:12,12:32:21,12:33:54,12:35:40,12:36:42,12:38:38,12:40:28,12:42:49,12:44:01
11:52:00,11:54:04,11:55:14,11:57:34,11:59:21,12:03:31,12:04:43,12:07:22,12:08:16,12:09:36,12:11:35,12:13:02,12:15:02,12:16:10,12:18:06,12:19:58,12:22:01,12:22:46,12:24:51,12:26:15,12:27:58,12:29:14,12:31:08,12:32:30,12:34:31,12:36:12,12:37:21,12:38:54,12:40:40,12:41:42,12:43:38,12:45:28,12:47:49,12:49:01
,,,,,,,12:12:22,12:13:16,12:14:36,12:16:35,12:18:02,12:20:02,12:21:10,12:23:06,12:24:58,12:27:01,12:27:46,12:29:51,12:31:15,12:32:58,12:34:14,12:36:08,12:37:30,12:39:31,12:41:12,12:42:21,12:43:54,12:45:40,12:46:42,12:48:38,12:50:28,12:52:49,12:54:01
12:02:00,12:04:04,12:05:14,12:07:34,12:09:21,12:13:31,12:14:43,12:17:22,12:18:16,12:19:36,12:21:35,12:23:02,12:25:02,12:26:10,12:28:06,12:29:58,12:32:01,12:32:46,12:34:51,12:36:15,12:37:58,12:39:14,12:41:08,12:42:30,12:44:31,12:46:12,12:47:21,12:48:54,12:50:40,12:51:42,12:53:38,12:55:28,12:57:49,12:59:01
,,,,,,,12:22:22,12:23:16,12:24:36,12:26:35,12:28:02,12:30:02,12:31:10,12:33:06,12:34:58,12:37:01,12:37:46,12:39:51,12:41:15,12:42:58,12:44:14,12:46:08,12:47:30,12:49:31,12:51:12,12:52:21,12:53:54,12:55:40,12:56:42,12:58:38,13:00:28,13:02:49,13:04:01
12:12:00,12:14:04,12:15:14,12:17:34,12:19:21,12:23:31,12:24:43,12:27:22,12:28:16,12:29:36,12:31:35,12:33:02,12:35:02,12:36:10,12:38:06,12:39:58,12:42:01,12:42:46,12:44:51,12:46:15,12:47:58,12:49:14,12:51:08,12:52:30,12:54:31,12:56:12,12:57:21,12:58:54,13:00:40,13:01:42,13:03:38,13:05:28,13:07:49,13:09:01
,,,,,,,12:32:22,12:33:16,12:34:36,12:36:35,12:38:02,12:40:02,12:41:10,12:43:06,12:44:58,12:47:01,12:47:46,12:49:51,12:51:15,12:52:58,12:54:14,12:56:08,12:57:30,12:59:31,13:01:12,13:02:21,13:03:54,13:05:40,13:06:42,13:08:38,13:10:28,13:12:49,13:14:01
12:22:00,12:24:04,12:25:14,12:27:34,12:29:21,12:33:31,12:34:43,12:37:22,12:38:16,12:39:36,12:41:35,12:43:02,12:45:02,12:46:10,12:48:06,12:49:58,12:52:01,12:52:46,12:54:51,12:56:15,12:57:58,12:59:14,13:01:08,13:02:30,13:04:31,13:06:12,13:07:21,13:08:54,13:10:40,13:11:42,13:13:38,13:15:28,13:17:49,13:19:01
,,,,,,,12:42:22,12:43:16,12:44:36,12:46:35,12:48:02,12:50:02,12:51:10,12:53:06,12:54:58,12:57:01,12:57:46,12:59:51,13:01:15,13:02:58,13:04:14,13:06:08,13:07:30,13:09:31,13:11:12,13:12:21,13:13:54,13:15:40,13:16:42,13:18:38,13:20:28,13:22:49,13:24:01
12:32:00,12:34:04,12:35:14,12:37:34,12:39:21,12:43:31,12:44:43,12:47:22,12:48:16,12:49:36,12:51:35,12:53:02,12:55:02,12:56:10,12:58:06,12:59:58,13:02:01,13:02:46,13:04:51,13:06:15,13:07:58,13:09:14,13:11:08,13:12:30,13:14:31,13:16:12,13:17:21,13:18:54,13:20:40,13:21:42,13:23:38,13:25:28,13:27:49,13:29:01
,,,,,,,12:52:22,12:53:16,12:54:36,12:56:35,12:58:02,13:00:02,13:01:10,13:03:06,13:04:58,13:07:01,13:07:46,13:09:51,13:11:15,13:12:58,13:14:14,13:16:08,13:17:30,13:19:31,13:21:12,13:22:21,13:23:54,13:25:40,13:26:42,13:28:38,13:30:28,13:32:49,13:34:01
12:42:00,12:44:04,12:45:14,12:47:34,12:49:21,12:53:31,12:54:43,12:57:22,12:58:16,12:59:36,13:01:35,13:03:02,13:05:02,13:06:10,13:08:06,13:09:58,13:12:01,13:12:46,13:14:51,13:16:15,13:17:58,13:19:14,13:21:08,13:22:30,13:24:31,13:26:12,13:27:21,13:28:54,13:30:40,13:31:42,13:33:38,13:35:28,13:37:49,13:39:01
,,,,,,,13:02:22,13:03:16,13:04:36,13:06:35,13:08:02,13:10:02,13:11:10,13:13:06,13:14:58,13:17:01,13:17:46,13:19:51,13:21:15,13:22:58,13:24:14,13:26:08,13:27:30,13:29:31,13:31:12,13:32:21,13:33:54,13:35:40,13:36:42,13:38:38,13:40:28,13:42:49,13:44:01
12:52:00,12:54:04,12:55:14,12:57:34,12:59:21,13:03:31,13:04:43,13:07:22,13:08:16,13:09:36,13:11:35,13:13:02,13:15:02,13:16:10,13:18:06,13:19:58,13:22:01,13:22:46,13:24:51,13:26:15,13:27:58,13:29:14,13:31:08,13:32:30,13:34:31,13:36:12,13:37:21,13:38:54,13:40:40,13:41:42,13:43:38,13:45:28,13:47:49,13:49:01
,,,,,,,13:12:22,13:13:16,13:14:36,13:16:35,13:18:02,13:20:02,13:21:10,13:23:06,13:24:58,13:27:01,13:27:46,13:29:51,13:31:15,13:32:58,13:34:14,13:36:08,13:37:30,13:39:31,13:41:12,13:42:21,13:43:54,13:45:40,13:46:42,13:48:38,13:50:28,13:52:49,13:54:01
13:02:00,13:04:04,13:05:14,13:07:34,13:09:21,13:13:31,13:14:43,13:17:22,13:18:16,13:19:36,13:21:35,13:23:02,13:25:02,13:26:10,13:28:06,13:29:58,13:32:01,13:32:46,13:34:51,13:36:15,13:37:58,13:39:14,13:41:08,13:42:30,13:44:31,13:46:12,13:47:21,13:48:54,13:50:40,13:51:42,13:53:38,13:55:28,13:57:49,13:59:01
,,,,,,,13:22:22,13:23:16,13:24:36,13:26:35,13:28:02,13:30:02,13:31:10,13:33:06,13:34:58,13:37:01,13:37:46,13:39:51,13:41:15,13:42:58,13:44:14,13:46:08,13:47:30,13:49:31,13:51:12,13:52:21,13:53:54,13:55:40,13:56:42,13:58:38,14:00:28,14:02:49,14:04:01
13:12:00,13:14:04,13:15:14,13:17:34,13:19:21,13:23:31,13:24:43,13:27:22,13:28:16,13:29:36,13:31:35,13:33:02,13:35:02,13:36:10,13:38:06,13:39:58,13:42:01,13:42:46,13:44:51,13:46:15,13:47:58,13:49:14,13:51:08,13:52:30,13:54:31,13:56:12,13:57:21,13:58:54,14:00:40,14:01:42,14:03:38,14:05:28,14:07:49,14:09:01
13:22:00,13:24:04,13:25:14,13:27:34,13:29:21,13:33:31,13:34:43,13:37:22,13:38:16,13:39:36,13:41:35,13:43:02,13:45:02,13:46:10,13:48:06,13:49:58,13:52:01,13:52:46,13:54:51,13:56:15,13:57:58,13:59:14,14:01:08,14:02:30,14:04:31,14:06:12,14:07:21,14:08:54,14:10:40,14:11:42,14:13:38,14:15:28,14:17:49,14:19:01
13:32:00,13:34:04,13:35:14,13:37:34,13:39:21,13:43:31,13:44:43,13:47:22,13:48:16,13:49:36,13:51:35,13:53:02,13:55:02,13:56:10,13:58:06,13:59:58,14:02:01,14:02:46,14:04:51,14:06:15,14:07:58,14:09:14,14:11:08,14:12:30,14:14:31,14:16:12,14:17:21,14:18:54,14:20:40,14:21:42,14:23:38,14:25:28,14:27:49,14:29:01
13:42:00,13:44:04,13:45:14,13:47:34,13:49:21,13:53:31,13:54:43,13:57:22,13:58:16,13:59:36,14:01:35,14:03:02,14:05:02,14:06:10,14:08:06,14:09:58,14:12:01,14:12:46,14:14:51,14:16:15,14:17:58,14:19:14,14:21:08,14:22:30,14:24:31,14:26:12,14:27:21,14:28:54,14:30:40,14:31:42,14:33:38,14:35:28,14:37:49,14:39:01
13:52:00,13:54:04,13:55:14,13:57:34,13:59:21,14:03:31,14:04:43,14:07:22,14:08:16,14:09:36,14:11:35,14:13:02,14:15:02,14:16:10,14:18:06,14:19:58,14:22:01,14:22:46,14:24:51,14:26:15,14:27:58,14:29:14,14:31:08,14:32:30,14:34:31,14:36:12,14:37:21,14:38:54,14:40:40,14:41:42,14:43:38,14:45:28,14:47:49,14:49:01
14:02:00,14:04:04,14:05:14,14:07:34,14:09:21,14:13:31,14:14:43,14:17:22,14:18:16,14:19:36,14:21:35,14:23:02,14:25:02,14:26:10,14:28:06,14:29:58,14:32:01,14:32:46,14:34:51,14:36:15,14:37:58,14:39:14,14:41:08,14:42:30,14:44:31,14:46:12,14:47:21,14:48:54,14:50:40,14:51:42,14:53:38,14:55:28,14:57:49,14:59:01
14:12:00,14:14:04,14:15:14,14:17:34,14:19:21,14:23:31,14:24:43,14:27:22,14:28:16,14:29:36,14:31:35,14:33:02,14:35:02,14:36:10,14:38:06,14:39:58,14:42:01,14:42:46,14:44:51,14:46:15,14:47:58,14:49:14,14:51:08,14:52:30,14:54:31,14:56:12,14:57:21,14:58:54,15:00:40,15:01:42,15:03:38,15:05:28,15:07:49,15:09:01
14:22:00,14:24:04,14:25:14,14:27:34,14:29:21,14:33:31,14:34:43,14:37:22,14:38:16,14:39:36,14:41:35,14:43:02,14:45:02,14:46:10,14:48:06,14:49:58,14:52:01,14:52:46,14:54:51,14:56:15,14:57:58,14:59:14,15:01:08,15:02:30,15:04:31,15:06:12,15:07:21,15:08:54,15:10:40,15:11:42,15:13:38,15:15:28,15:17:49,15:19:01
14:32:00,14:34:04,14:35:14,14:37:34,14:39:21,14:43:31,14:44:43,14:47:22,14:48:16,14:49:36,14:51:35,14:53:02,14:55:02,14:56:10,14:58:06,14:59:58,15:02:01,15:02:46,15:04:51,15:06:15,15:07:58,15:09:14,15:11:08,15:12:30,15:14:31,15:16:12,15:17:21,15:18:54,15:20:40,15:21:42,15:23:38,15:25:28,15:27:49,15:29:01
14:42:00,14:44:04,14:45:14,14:47:34,14:49:21,14:53:31,14:54:43,14:57:22,14:58:16,14:59:36,15:01:35,15:03:02,15:05:02,15:06:10,15:08:06,15:09:58,15:12:01,15:12:46,15:14:51,15:16:15,15:17:58,15:19:14,15:21:08,15:22:30,15:24:31,15:26:12,15:27:21,15:28:54,15:30:40,15:31:42,15:33:38,15:35:28,15:37:49,15:39:01
14:52:00,14:54:04,14:55:14,14:57:34,14:59:21,15:03:31,15:04:43,15:07:22,15:08:16,15:09:36,15:11:35,15:13:02,15:15:02,15:16:10,15:18:06,15:19:58,15:22:01,15:22:46,15:24:51,15:26:15,15:27:58,15:29:14,15:31:08,15:32:30,15:34:31,15:36:12,15:37:21,15:38:54,15:40:40,15:41:42,15:43:38,15:45:28,15:47:49,15:49:01
15:02:00,15:04:04,15:05:14,15:07:34,15:09:21,15:13:31,15:14:43,15:17:22,15:18:16,15:19:36,15:21:35,15:23:02,15:25:02,15:26:10,15:28:06,15:29:58,15:32:01,15:32:46,15:34:51,15:36:15,15:37:58,15:39:14,15:41:08,15:42:30,15:44:31,15:46:12,15:47:21,15:48:54,15:50:40,15:51:42,15:53:38,15:55:28,15:57:49,15:59:01
15:12:00,15:14:04,15:15:14,15:17:34,15:19:21,15:23:31,15:24:43,15:27:22,15:28:16,15:29:36,15:31:35,15:33:02,15:35:02,15:36:10,15:38:06,15:39:58,15:42:01,15:42:46,15:44:51,15:46:15,15:47:58,15:49:14,15:51:08,15:52:30,15:54:31,15:56:12,15:57:21,15:58:54,16:00:40,16:01:42,16:03:38,16:05:28,16:07:49,16:09:01
15:22:00,15:24:04,15:25:14,15:27:34,15:29:21,15:33:31,15:34:43,15:37:22,15:38:16,15:39:36,15:41:35,15:43:02,15:45:02,15:46:10,15:48:06,15:49:58,15:52:01,15:52:46,15:54:51,15:56:15,15:57:58,15:59:14,16:01:08,16:02:30,16:04:31,16:06:12,16:07:21,16:08:54,16:10:40,16:11:42,16:13:38,16:15:28,16:17:49,16:19:01
15:32:00,15:34:04,15:35:14,15:37:34,15:39:21,15:43:31,15:44:43,15:47:22,15:48:16,15:49:36,15:51:35,15:53:02,15:55:02,15:56:10,15:58:06,15:59:58,16:02:01,16:02:46,16:04:51,16:06:15,16:07:58,16:09:14,16:11:08,16:12:30,16:14:31,16:16:12,16:17:21,16:18:54,16:20:40,16:21:42,16:23:38,16:25:28,16:27:49,16:29:01
15:42:00,15:44:04,15:45:14,15:47:34,15:49:21,15:53:31,15:54:43,15:57:22,15:58:16,15:59:36,16:01:35,16:03:02,16:05:02,16:06:10,16:08:06,16:09:58,16:12:01,16:12:46,16:14:51,16:16:15,16:17:58,16:19:14,16:21:08,16:22:30,16:24:31,16:26:12,16:27:21,16:28:54,16:30:40,16:31:42,16:33:38,16:35:28,16:37:49,16:39:01
15:52:00,15:54:04,15:55:14,15:57:34,15:59:21,16:03:31,16:04:43,16:07:22,16:08:16,16:09:36,16:11:35,16:13:02,16:15:02,16:16:10,16:18:06,16:19:58,16:22:01,16:22:46,16:24:51,16:26:15,16:27:58,16:29:14,16:31:08,16:32:30,16:34:31,16:36:12,16:37:21,16:38:54,16:40:40,16:41:42,16:43:38,16:45:28,16:47:49,16:49:01
16:02:00,16:04:04,16:05:14,16:07:34,16:09:21,16:13:31,16:14:43,16:17:22,16:18:16,16:19:36,16:21:35,16:23:02,16:25:02,16:26:10,16:28:06,16:29:58,16:32:01,16:32:46,16:34:51,16:36:15,16:37:58,16:39:14,16:41:08,16:42:30,16:44:31,16:46:12,16:47:21,16:48:54,16:50:40,16:51:42,16:53:38,16:55:28,16:57:49,16:59:01
16:12:00,16:14:04,16:15:14,16:17:34,16:19:21,16:23:31,16:24:43,16:27:22,16:28:16,16:29:36,16:31:35,16:33:02,16:35:02,16:36:10,16:38:06,16:39:58,16:42:01,16:42:46,16:44:51,16:46:15,16:47:58,16:49:14,16:51:08,16:52:30,16:54:31,16:56:12,16:57:21,16:58:54,17:00:40,17:01:42,17:03:38,17:05:28,17:07:49,17:09:01
,,,,,,,16:32:22,16:33:16,16:34:36,16:36:35,16:38:02,16:40:02,16:41:10,16:43:06,16:44:58,16:47:01,16:47:46,16:49:51,16:51:15,16:52:58,16:54:14,16:56:08,16:57:30,16:59:31,17:01:12,17:02:21,17:03:54,17:05:40,17:06:42,17:08:38,17:10:28,17:12:49,17:14:01
16:22:00,16:24:04,16:25:14,16:27:34,16:29:21,16:33:31,16:34:43,16:37:22,16:38:16,16:39:36,16:41:35,16:43:02,16:45:02,16:46:10,16:48:06,16:49:58,16:52:01,16:52:46,16:54:51,16:56:15,16:57:58,16:59:14,17:01:08,17:02:30,17:04:31,17:06:12,17:07:21,17:08:54,17:10:40,17:11:42,17:13:38,17:15:28,17:17:49,17:19:01
,,,,,,,16:42:22,16:43:16,16:44:36,16:46:35,16:48:02,16:50:02,16:51:10,16:53:06,16:54:58,16:57:01,16:57:46,16:59:51,17:01:15,17:02:58,17:04:14,17:06:08,17:07:30,17:09:31,17:11:12,17:12:21,17:13:54,17:15:40,17:16:42,17:18:38,17:20:28,17:22:49,17:24:01
16:32:00,16:34:04,16:35:14,16:37:34,16:39:21,16:43:31,16:44:43,16:47:22,16:48:16,16:49:36,16:51:35,16:53:02,16:55:02,16:56:10,16:58:06,16:59:58,17:02:01,17:02:46,17:04:51,17:06:15,17:07:58,17:09:14,17:11:08,17:12:30,17:14:31,17:16:12,17:17:21,17:18:54,17:20:40,17:21:42,17:23:38,17:25:28,17:27:49,17:29:01
,,,,,,,16:52:22,16:53:16,16:54:36,16:56:35,16:58:02,17:00:02,17:01:10,17:03:06,17:04:58,17:07:01,17:07:46,17:09:51,17:11:15,17:12:58,17:14:14,17:16:08,17:17:30,17:19:31,17:21:12,17:22:21,17:23:54,17:25:40,17:26:42,17:28:38,17:30:28,17:32:49,17:34:01
16:42:00,16:44:04,16:45:14,16:47:34,16:49:21,16:53:31,16:54:43,16:57:22,16:58:16,16:59:36,17:01:35,17:03:02,17:05:02,17:06:10,17:08:06,17:09:58,17:12:01,17:12:46,17:14:51,17:16:15,17:17:58,17:19:14,17:21:08,17:22:30,17:24:31,17:26:12,17:27:21,17:28:54,17:30:40,17:31:42,17:33:38,17:35:28,17:37:49,17:39:01
,,,,,,,17:02:22,17:03:16,17:04:36,17:06:35,17:08:02,17:10:02,17:11:10,17:13:06,17:14:58,17:17:01,17:17:46,17:19:51,17:21:15,17:22:58,17:24:14,17:26:08,17:27:30,17:29:31,17:31:12,17:32:21,17:33:54,17:35:40,17:36:42,17:38:38,17:40:28,17:42:49,17:44:01
16:52:00,16:54:04,16:55:14,16:57:34,16:59:21,17:03:31,17:04:43,17:07:22,17:08:16,17:09:36,17:11:35,17:13:02,17:15:02,17:16:10,17:18:06,17:19:58,17:22:01,17:22:46,17:24:51,17:26:15,17:27:58,17:29:14,17:31:08,17:32:30,17:34:31,17:36:12,17:37:21,17:38:54,17:40:40,17:41:42,17:43:38,17:45:28,17:47:49,17:49:01
,,,,,,,17:12:22,17:13:16,17:14:36,17:16:35,17:18:02,17:20:02,17:21:10,17:23:06,17:24:58,17:27:01,17:27:46,17:29:51,17:31:15,17:32:58,17:34:14,17:36:08,17:37:30,17:39:31,17:41:12,17:42:21,17:43:54,17:45:40,17:46:42,17:48:38,17:50:28,17:52:49,17:54:01
17:02:00,17:04:04,17:05:14,17:07:34,17:09:21,17:13:31,17:14:43,17:17:22,17:18:16,17:19:36,17:21:35,17:23:02,17:25:02,17:26:10,17:28:06,17:29:58,17:32:01,17:32:46,17:34:51,17:36:15,17:37:58,17:39:14,17:41:08,17:42:30,17:44:31,17:46:12,17:47:21,17:48:54,17:50:40,17:51:42,17:53:38,17:55:28,17:57:49,17:59:01
,,,,,,,17:22:22,17:23:16,17:24:36,17:26:35,17:28:02,17:30:02,17:31:10,17:33:06,17:34:58,17:37:01,17:37:46,17:39:51,17:41:15,17:42:58,17:44:14,17:46:08,17:47:30,17:49:31,17:51:12,17:52:21,17:53:54,17:55:40,17:56:42,17:58:38,18:00:28,18:02:49,18:04:01
17:12:00,17:14:04,17:15:14,17:17:34,17:19:21,17:23:31,17:24:43,17:27:22,17:28:16,17:29:36,17:31:35,17:33:02,17:35:02,17:36:10,17:38:06,17:39:58,17:42:01,17:42:46,17:44:51,17:46:15,17:47:58,17:49:14,17:51:08,17:52:30,17:54:31,17:56:12,17:57:21,17:58:54,18:00:40,18:01:42,18:03:38,18:05:28,18:07:49,18:09:01
,,,,,,,17:32:22,17:33:16,17:34:36,17:36:35,17:38:02,17:40:02,17:41:10,17:43:06,17:44:58,17:47:01,17:47:46,17:49:51,17:51:15,17:52:58,17:54:14,17:56:08,17:57:30,17:59:31,18:01:12,18:02:21,18:03:54,18:05:40,18:06:42,18:08:38,18:10:28,18:12:49,18:14:01
17:22:00,17:24:04,17:25:14,17:27:34,17:29:21,17:33:31,17:34:43,17:37:22,17:38:16,17:39:36,17:41:35,17:43:02,17:45:02,17:46:10,17:48:06,17:49:58,17:52:01,17:52:46,17:54:51,17:56:15,17:57:58,17:59:14,18:01:08,18:02:30,18:04:31,18:06:12,18:07:21,18:08:54,18:10:40,18:11:42,18:13:38,18:15:28,18:17:49,18:19:01
,,,,,,,17:42:22,17:43:16,17:44:36,17:46:35,17:48:02,17:50:02,17:51:10,17:53:06,17:54:58,17:57:01,17:57:46,17:59:51,18:01:15,18:02:58,18:04:14,18:06:08,18:07:30,18:09:31,18:11:12,18:12:21,18:13:54,18:15:40,18:16:42,18:18:38,18:20:28,18:22:49,18:24:01
17:32:00,17:34:04,17:35:14,17:37:34,17:39:21,17:43:31,17:44:43,17:47:22,17:48:16,17:49:36,17:51:35,17:53:02,17:55:02,17:56:10,17:58:06,17:59:58,18:02:01,18:02:46,18:04:51,18:06:15,18:07:58,18:09:14,18:11:08,18:12:30,18:14:31,18:16:12,18:17:21,18:18:54,18:20:40,18:21:42,18:23:38,18:25:28,18:27:49,18:29:01
,,,,,,,17:52:22,17:53:16,17:54:36,17:56:35,17:58:02,18:00:02,18:01:10,18:03:06,18:04:58,18:07:01,18:07:46,18:09:51,18:11:15,18:12:58,18:14:14,18:16:08,18:17:30,18:19:31,18:21:12,18:22:21,18:23:54,18:25:40,18:26:42,18:28:38,18:30:28,18:32:49,18:34:01
17:42:00,17:44:04,17:45:14,17:47:34,17:49:21,17:53:31,17:54:43,17:57:22,17:58:16,17:59:36,18:01:35,18:03:02,18:05:02,18:06:10,18:08:06,18:09:58,18:12:01,18:12:46,18:14:51,18:16:15,18:17:58,18:19:14,18:21:08,18:22:30,18:24:31,18:26:12,18:27:21,18:28:54,18:30:40,18:31:42,18:33:38,18:35:28,18:37:49,18:39:01
,,,,,,,18:02:22,18:03:16,18:04:36,18:06:35,18:08:02,18:10:02,18:11:10,18:13:06,18:14:58,18:17:01,18:17:46,18:19:51,18:21:15,18:22:58,18:24:14,18:26:08,18:27:30,18:29:31,18:31:12,18:32:21,18:33:54,18:35:40,18:36:42,18:38:38,18:40:28,18:42:49,18:44:01
17:52:00,17:54:04,17:55:14,17:57:34,17:59:21,18:03:31,18:04:43,18:07:22,18:08:16,18:09:36,18:11:35,18:13:02,18:15:02,18:16:10,18:18:06,18:19:58,18:22:01,18:22:46,18:24:51,18:26:15,18:27:58,18:29:14,18:31:08,18:32:30,18:34:31,18:36:12,18:37:21,18:38:54,18:40:40,18:41:42,18:43:38,18:45:28,18:47:49,18:49:01
,,,,,,,18:12:22,18:13:16,18:14:36,18:16:35,18:18:02,18:20:02,18:21:10,18:23:06,18:24:58,18:27:01,18:27:46,18:29:51,18:31:15,18:32:58,18:34:14,18:36:08,18:37:30,18:39:31,18:41:12,18:42:21,18:43:54,18:45:40,18:46:42,18:48:38,18:50:28,18:52:49,18:54:01
18:02:00,18:04:04,18:05:14,18:07:34,18:09:21,18:13:31,18:14:43,18:17:22,18:18:16,18:19:36,18:21:35,18:23:02,18:25:02,18:26:10,18:28:06,18:29:58,18:32:01,18:32:46,18:34:51,18:36:15,18:37:58,18:39:14,18:41:08,18:42:30,18:44:31,18:46:12,18:47:21,18:48:54,18:50:40,18:51:42,18:53:38,18:55:28,18:57:49,18:59:01
,,,,,,,18:22:22,18:23:16,18:24:36,18:26:35,18:28:02,18:30:02,18:31:10,18:33:06,18:34:58,18:37:01,18:37:46,18:39:51,18:41:15,18:42:58,18:44:14,18:46:08,18:47:30,18:49:31,18:51:12,18:52:21,18:53:54,18:55:40,18:56:42,18:58:38,19:00:28,19:02:49,19:04:01
18:12:00,18:14:04,18:15:14,18:17:34,18:19:21,18:23:31,18:24:43,18:27:22,18:28:16,18:29:36,18:31:35,18:33:02,18:35:02,18:36:10,18:38:06,18:39:58,18:42:01,18:42:46,18:44:51,18:46:15,18:47:58,18:49:14,18:51:08,18:52:30,18:54:31,18:56:12,18:57:21,18:58:54,19:00:40,19:01:42,19:03:38,19:05:28,19:07:49,19:09:01
18:22:00,18:24:04,18:25:14,18:27:34,18:29:21,18:33:31,18:34:43,18:37:22,18:38:16,18:39:36,18:41:35,18:43:02,18:45:02,18:46:10,18:48:06,18:49:58,18:52:01,18:52:46,18:54:51,18:56:15,18:57:58,18:59:14,19:01:08,19:02:30,19:04:31,19:06:12,19:07:21,19:08:54,19:10:40,19:11:42,19:13:38,19:15:28,19:17:49,19:19:01
18:32:00,18:34:04,18:35:14,18:37:34,18:39:21,18:43:31,18:44:43,18:47:22,18:48:16,18:49:36,18:51:35,18:53:02,18:55:02,18:56:10,18:58:06,18:59:58,19:02:01,19:02:46,19:04:51,19:06:15,19:07:58,19:09:14,19:11:08,19:12:30,19:14:31,19:16:12,19:17:21,19:18:54,19:20:40,19:21:42,19:23:38,19:25:28,19:27:49,19:29:01
18:42:00,18:44:04,18:45:14,18:47:34,18:49:21,18:53:31,18:54:43,18:57:22,18:58:16,18:59:36,19:01:35,19:03:02,19:05:02,19:06:10,19:08:06,19:09:58,19:12:01,19:12:46,19:14:51,19:16:15,19:17:58,19:19:14,19:21:08,19:22:30,19:24:31,19:26:12,19:27:21,19:28:54,19:30:40,19:31:42,19:33:38,19:35:28,19:37:49,19:39:01
18:52:00,18:54:04,18:55:14,18:57:34,18:59:21,19:03:31,19:04:43,19:07:22,19:08:16,19:09:36,19:11:35,19:13:02,19:15:02,19:16:10,19:18:06,19:19:58,19:22:01,19:22:46,19:24:51,19:26:15,19:27:58,19:29:14,19:31:08,19:32:30,19:34:31,19:36:12,19:37:21,19:38:54,19:40:40,19:41:42,19:43:38,19:45:28,19:47:49,19:49:01
19:02:00,19:04:04,19:05:14,19:07:34,19:09:21,19:13:31,19:14:43,19:17:22,19:18:16,19:19:36,19:21:35,19:23:02,19:25:02,19:26:10,19:28:06,19:29:58,19:32:01,19:32:46,19:34:51,19:36:15,19:37:58,19:39:14,19:41:08,19:42:30,19:44:31,19:46:12,19:47:21,19:48:54,19:50:40,19:51:42,19:53:38,19:55:28,19:57:49,19:59:01
19:12:00,19:14:04,19:15:14,19:17:34,19:19:21,19:23:31,19:24:43,19:27:22,19:28:16,19:29:36,19:31:35,19:33:02,19:35:02,19:36:10,19:38:06,19:39:58,19:42:01,19:42:46,19:44:51,19:46:15,19:47:58,19:49:14,19:51:08,19:52:30,19:54:31,19:56:12,19:57:21,19:58:54,20:00:40,20:01:42,20:03:38,20:05:28,20:07:49,20:09:01
19:22:00,19:24:04,19:25:14,19:27:34,19:29:21,19:33:31,19:34:43,19:37:22,19:38:16,19:39:36,19:41:35,19:43:02,19:45:02,19:46:10,19:48:06,19:49:58,19:52:01,19:52:46,19:54:51,19:56:15,19:57:58,19:59:14,20:01:08,20:02:30,20:04:31,20:06:12,20:07:21,20:08:54,20:10:40,20:11:42,20:13:38,20:15:28,20:17:49,20:19:01
19:32:00,19:34:04,19:35:14,19:37:34,19:39:21,19:43:31,19:44:43,19:47:22,19:48:16,19:49:36,19:51:35,19:53:02,19:55:02,19:56:10,19:58:06,19:59:58,20:02:01,20:02:46,20:04:51,20:06:15,20:07:58,20:09:14,20:11:08,20:12:30,20:14:31,20:16:12,20:17:21,20:18:54,20:20:40,20:21:42,20:23:38,20:25:28,20:27:49,20:29:01
19:42:00,19:44:04,19:45:14,19:47:34,19:49:21,19:53:31,19:54:43,19:57:22,19:58:16,19:59:36,20:01:35,20:03:02,20:05:02,20:06:10,20:08:06,20:09:58,20:12:01,20:12:46,20:14:51,20:16:15,20:17:58,20:19:14,20:21:08,20:22:30,20:24:31,20:26:12,20:27:21,20:28:54,20:30:40,20:31:42,20:33:38,20:35:28,20:37:49,20:39:01
19:52:00,19:54:04,19:55:14,19:57:34,19:59:21,20:03:31,20:04:43,20:07:22,20:08:16,20:09:36,20:11:35,20:13:02,20:15:02,20:16:10,20:18:06,20:19:58,20:22:01,20:22:46,20:24:51,20:26:15,20:27:58,20:29:14,20:31:08,20:32:30,20:34:31,20:36:12,20:37:21,20:38:54,20:40:40,20:41:42,20:43:38,20:45:28,20:47:49,20:49:01
20:02:00,20:04:04,20:05:14,20:07:34,20:09:21,20:13:31,20:14:43,20:17:22,20:18:16,20:19:36,20:21:35,20:23:02,20:25:02,20:26:10,20:28:06,20:29:58,20:32:01,20:32:46,20:34:51,20:36:15,20:37:58,20:39:14,20:41:08,20:42:30,20:44:31,20:46:12,20:47:21,20:48:54,20:50:40,20:51:42,20:53:38,20:55:28,20:57:49,20:59:01
20:12:00,20:14:04,20:15:14,20:17:34,20:19:21,20:23:31,20:24:43,20:27:22,20:28:16,20:29:36,20:31:35,20:33:02,20:35:02,20:36:10,20:38:06,20:39:58,20:42:01,20:42:46,20:44:51,20:46:15,20:47:58,20:49:14,20:51:08,20:52:30,20:54:31,20:56:12,20:57:21,20:58:54,21:00:40,21:01:42,21:03:38,21:05:28,21:07:49,21:09:01
20:22:00,20:24:04,20:25:14,20:27:34,20:29:21,20:33:31,20:34:43,20:37:22,20:38:16,20:39:36,20:41:35,20:43:02,20:45:02,20:46:10,20:48:06,20:49:58,20:52:01,20:52:46,20:54:51,20:56:15,20:57:58,20:59:14,21:01:08,21:02:30,21:04:31,21:06:12,21:07:21,21:08:54,21:10:40,21:11:42,21:13:38,21:15:28,21:17:49,21:19:01
20:32:00,20:34:04,20:35:14,20:37:34,20:39:21,20:43:31,20:44:43,20:47:22,20:48:16,20:49:36,20:51:35,20:53:02,20:55:02,20:56:10,20:58:06,20:59:58,21:02:01,21:02:46,21:04:51,21:06:15,21:07:58,21:09:14,21:11:08,21:12:30,21:14:31,21:16:12,21:17:21,21:18:54,21:20:40,21:21:42,21:23:38,21:25:28,21:27:49,21:29:01
,,,,,,,20:57:22,20:58:16,20:59:36,21:01:35,21:03:02,21:05:02,21:06:10,21:08:06,21:09:58,21:12:01,21:12:46,21:14:51,21:16:15,21:17:58,21:19:14,21:21:08,21:22:30,21:24:31,21:26:12,21:27:21,21:28:54,21:30:40,21:31:42,21:33:38,21:35:28,21:37:49,21:39:01
20:52:00,20:54:04,20:55:14,20:57:34,20:59:21,21:03:31,21:04:43,21:07:22,21:08:16,21:09:36,21:11:35,21:13:02,21:15:02,21:16:10,21:18:06,21:19:58,21:22:01,21:22:46,21:24:51,21:26:15,21:27:58,21:29:14,21:31:08,21:32:30,21:34:31,21:36:12,21:37:21,21:38:54,21:40:40,21:41:42,21:43:38,21:45:28,21:47:49,21:49:01
,,,,,,,21:17:22,21:18:16,21:19:36,21:21:35,21:23:02,21:25:02,21:26:10,21:28:06,21:29:58,21:32:01,21:32:46,21:34:51,21:36:15,21:37:58,21:39:14,21:41:08,21:42:30,21:44:31,21:46:12,21:47:21,21:48:54,21:50:40,21:51:42,21:53:38,21:55:28,21:57:49,21:59:01
21:12:00,21:14:04,21:15:14,21:17:34,21:19:21,21:23:31,21:24:43,21:27:22,21:28:16,21:29:36,21:31:35,21:33:02,21:35:02,21:36:10,21:38:06,21:39:58,21:42:01,21:42:46,21:44:51,21:46:15,21:47:58,21:49:14,21:51:08,21:52:30,21:54:31,21:56:12,21:57:21,21:58:54,22:00:40,22:01:42,22:03:38,22:05:28,22:07:49,22:09:01
,,,,,,,21:37:22,21:38:16,21:39:36,21:41:35,21:43:02,21:45:02,21:46:10,21:48:06,21:49:58,21:52:01,21:52:46,21:54:51,21:56:15,21:57:58,21:59:14,22:01:08,22:02:30,22:04:31,22:06:12,22:07:21,22:08:54,22:10:40,22:11:42,22:13:38,22:15:28,22:17:49,22:19:01
21:32:00,21:34:04,21:35:14,21:37:34,21:39:21,21:43:31,21:44:43,21:47:22,21:48:16,21:49:36,21:51:35,21:53:02,21:55:02,21:56:10,21:58:06,21:59:58,22:02:01,22:02:46,22:04:51,22:06:15,22:07:58,22:09:14,22:11:08,22:12:30,22:14:31,22:16:12,22:17:21,22:18:54,22:20:40,22:21:42,22:23:38,22:25:28,22:27:49,22:29:01
,,,,,,,21:57:22,21:58:16,21:59:36,22:01:35,22:03:02,22:05:02,22:06:10,22:08:06,22:09:58,22:12:01,22:12:46,22:14:51,22:16:15,22:17:58,22:19:14,22:21:08,22:22:30,22:24:31,22:26:12,22:27:21,22:28:54,22:30:40,22:31:42,22:33:38,22:35:28,22:37:49,22:39:01
21:52:00,21:54:04,21:55:14,21:57:34,21:59:21,22:03:31,22:04:43,22:07:22,22:08:16,22:09:36,22:11:35,22:13:02,22:15:02,22:16:10,22:18:06,22:19:58,22:22:01,22:22:46,22:24:51,22:26:15,22:27:58,22:29:14,22:31:08,22:32:30,22:34:31,22:36:12,22:37:21,22:38:54,22:40:40,22:41:42,22:43:38,22:45:28,22:47:49,22:49:01
,,,,,,,22:17:22,22:18:16,22:19:36,22:21:35,22:23:02,22:25:02,22:26:10,22:28:06,22:29:58,22:32:01,22:32:46,22:34:51,22:36:15,22:37:58,22:39:14,22:41:08,22:42:30,22:44:31,22:46:12,22:47:21,22:48:54,22:50:40,22:51:42,22:53:38,22:55:28,22:57:49,22:59:01
22:12:00,22:14:04,22:15:14,22:17:34,22:19:21,22:23:31,22:24:43,22:27:22,22:28:16,22:29:36,22:31:35,22:33:02,22:35:02,22:36:10,22:38:06,22:39:58,22:42:01,22:42:46,22:44:51,22:46:15,22:47:58,22:49:14,22:51:08,22:52:30,22:54:31,22:56:12,22:57:21,22:58:54,23:00:40,23:01:42,23:03:38,23:05:28,23:07:49,23:09:01
,,,,,,,22:37:22,22:38:16,22:39:36,22:41:35,22:43:02,22:45:02,22:46:10,22:48:06,22:49:58,22:52:01,22:52:46,22:54:51,22:56:15,22:57:58,22:59:14,23:01:08,23:02:30,23:04:31,23:06:12,23:07:21,23:08:54,23:10:40,23:11:42,23:13:38,23:15:28,23:17:49,23:19:01
22:32:00,22:34:04,22:35:14,22:37:34,22:39:21,22:43:31,22:44:43,22:47:22,22:48:16,22:49:36,22:51:35,22:53:02,22:55:02,22:56:10,22:58:06,22:59:58,23:02:01,23:02:46,23:04:51,23:06:15,23:07:58,23:09:14,23:11:08,23:12:30,23:14:31,23:16:12,23:17:21,23:18:54,23:20:40,23:21:42,23:23:38,23:25:28,23:27:49,23:29:01
,,,,,,,22:57:22,22:58:16,22:59:36,23:01:35,23:03:02,23:05:02,23:06:10,23:08:06,23:09:58,23:12:01,23:12:46,23:14:51,23:16:15,23:17:58,23:19:14,23:21:08,23:22:30,23:24:31,23:26:12,23:27:21,23:28:54,23:30:40,23:31:42,23:33:38,23:35:28,23:37:49,23:39:01
22:52:00,22:54:04,22:55:14,22:57:34,22:59:21,23:03:31,23:04:43,23:07:22,23:08:16,23:09:36,23:11:35,23:13:02,23:15:02,23:16:10,23:18:06,23:19:58,23:22:01,23:22:46,23:24:51,23:26:15,23:27:58,23:29:14,23:31:08,23:32:30,23:34:31,23:36:12,23:37:21,23:38:54,23:40:40,23:41:42,23:43:38,23:45:28,23:47:49,23:49:01
,,,,,,,23:17:22,23:18:16,23:19:36,23:21:35,23:23:02,23:25:02,23:26:10,23:28:06,23:29:58,23:32:01,23:32:46,23:34:51,23:36:15,23:37:58,23:39:14,23:41:08,23:42:30,23:44:31,23:46:12,23:47:21,23:48:54,23:50:40,23:51:42,23:53:38,23:55:28,23:57:49,23:59:01
23:12:00,23:14:04,23:15:14,23:17:34,23:19:21,23:23:31,23:24:43,23:27:22,23:28:16,23:29:36,23:31:35,23:33:02,23:35:02,23:36:10,23:38:06,23:39:58,23:42:01,23:42:46,23:44:51,23:46:15,23:47:58,23:49:14,23:51:08,23:52:30,23:54:31,23:56:12,23:57:21,23:58:54,24:00:40,24:01:42,24:03:38,24:05:28,24:07:49,24:09:01
,,,,,,,23:37:22,23:38:16,23:39:36,23:41:35,23:43:02,23:45:02,23:46:10,23:48:06,23:49:58,23:52:01,23:52:46,23:54:51,23:56:15,23:57:58,23:59:14,24:01:08,24:02:30,24:04:31,24:06:12,24:07:21,24:08:54,24:10:40,24:11:42,24:13:38,24:15:28,24:17:49,24:19:01
23:32:00,23:34:04,23:35:14,23:37:34,23:39:21,23:43:31,23:44:43,23:47:22,23:48:16,23:49:36,23:51:35,23:53:02,23:55:02,23:56:10,23:58:06,23:59:58,24:02:01,24:02:46,24:04:51,24:06:15,24:07:58,24:09:14,24:11:08,24:12:30,24:14:31,24:16:12,24:17:21,24:18:54,24:20:40,24:21:42,24:23:38,24:25:28,24:27:49,24:29:01
,,,,,,,23:57:22,23:58:16,23:59:36,24:01:35,24:03:02,24:05:02,24:06:10,24:08:06,24:09:58,24:12:01,24:12:46,24:14:51,24:16:15,24:17:58,24:19:14,24:21:08,24:22:30,24:24:31,24:26:12,24:27:21,24:28:54,24:30:40,24:31:42,24:33:38,24:35:28,24:37:49,24:39:01
23:52:00,23:54:04,23:55:14,23:57:34,23:59:21,24:03:31,24:04:43,24:07:22,24:08:16,24:09:36,24:11:35,24:13:02,24:15:02,24:16:10,24:18:06,24:19:58,24:22:01,24:22:46,24:24:51,24:26:15,24:27:58,24:29:14,24:31:08,24:32:30,24:34:31,24:36:12,24:37:21,24:38:54,24:40:40,24:41:42,24:43:38,24:45:28,24:47:49,24:49:01
